userId,movieId,tag,timestamp
1,1348373,Giày sneaker nam,900
2,2344633,Giày sneaker nam,900
3,1903157,Đồng hồ kim,900
4,2437450,Trang sức,900
5,2917983,Quần tây nam,68
5,2333396,Quần tây nam,1840
5,2049133,Giày sneaker nam,82
5,2905152,Giày sneaker nam,900
6,2251478,Quần lót,46
6,2371771,Bikini,900
7,2178705,Quần lót,57
7,2029469,Quần lót,900
8,2740002,Giày thể thao nam,900
8,2912087,Giày thể thao nam,11
8,2934730,Giày thể thao nam,32
8,2930788,Giày thể thao nam,38
8,2851196,Giày thể thao nam,14
8,2851201,Giày thể thao nam,3
9,2589350,Giày sneaker nam,900
10,2920495,Áo blazer,900
11,2899557,Giày thể thao nam,75
11,2902133,Giày thể thao nam,900
12,2439353,"Áo hai dây, áo quây",900
13,2120706,Quần kaki,900
14,2781040,Bộ ,254
14,2781040,Bộ ,900
15,1858006,Quần lót,900
16,2801209,Trang sức,900
17,1355375,Quần legging,900
17,2346028,Quần legging,56
17,1403122,Giày bốt nữ,630
17,958820,Giày bốt nữ,2856
18,1913782,Giày thể thao nam,900
19,2388390,Giày sneaker nữ,14
19,2850766,Giày sneaker nữ,900
20,1010050,Áo ngực,126
20,2001881,Áo ngực,115
20,2683435,Áo ngực,72
20,1010050,Áo ngực,12
20,2683423,Áo ngực,15
20,2586323,Áo ngực,900
21,2475441,Áo khoác thể thao,900
22,2717848,Bộ dụng cụ đa năng,4
22,2811156,"Chăn, mền, chiếu",36
22,2491673,Bộ dụng cụ đa năng,0
22,2301613,Bộ dụng cụ đa năng,25
22,2908438,Bộ dụng cụ đa năng,462
22,2873713,Bộ dụng cụ đa năng,260
22,2526809,Bình và ly giữ nhiệt,127
22,2517563,"Chăn, mền, chiếu",114
22,2603150,"Chăn, mền, chiếu",90
22,1999919,"Giá, kệ để gọn đồ",160
22,2380811,Bộ dụng cụ đa năng,13
23,2877677,Giày thể thao nam,32
23,2803776,"Giày lười, giày mọi nam",900
24,2900317,Giày sneaker nữ,900
24,2389826,Giày sneaker nữ,31
25,2786088,Đầm dạ hội,606
25,2882417,Đầm dạ hội,243
25,2686965,Đầm dạ hội,900
25,2880003,Đầm dạ hội,213
25,2880886,Đầm dạ hội,48
25,2865730,Đầm dạ hội,152
25,2631940,Đầm dạ hội,333
25,2927718,Đầm maxi,353
25,2740078,Đầm maxi,364
25,2686965,Đầm dạ hội,217
25,2920311,Đầm maxi,851
26,1256006,Áo thun có tay,900
27,892536,Áo thun không cổ,900
28,1273950,Giày sneaker nữ,900
29,1372025,Váy xếp ly,193
29,1242812,Váy xòe,88
29,1963535,Váy xòe,62
29,2528464,Váy xòe,21
29,1372025,Váy xếp ly,900
30,2627028,Áo và quần culottes,268
30,2810173,Quần thời trang,900
30,2805948,Quần thời trang,71
30,2811005,Quần thời trang,22
30,2810926,Quần thời trang,54
30,2805958,Quần thời trang,37
30,2849084,Quần thời trang,18
30,2737352,Quần tây,2
30,2627028,Áo và quần culottes,3
30,2737352,Quần tây,28
30,2053576,Áo và quần lửng,774
30,2849084,Quần thời trang,46
31,2738571,Đầm dạ hội,900
32,2773355,"Pyjama, đồ ngủ",900
33,1919747,Đầm xòe,900
34,2178571,Quần lót,900
34,2178617,Quần lót,66
34,2178705,Quần lót,26
35,2637090,Giày sneaker nữ,900
36,2575101,"Túi bản to, đeo vai",23
36,2895004,"Túi bản to, đeo vai",2158
36,765229,Mô hình công trình,334
36,765229,Mô hình công trình,5
36,765229,Mô hình công trình,900
37,2178705,Quần lót,900
38,1458312,Áo kiểu,589
38,2917658,Áo thun không cổ,900
39,2799724,Quần jeans ống côn skinny,900
40,2765740,Đồng hồ kim,19
40,2066144,Đồng hồ kim,19
40,2210873,Đồng hồ kim,900
41,2911252,Điện thoại di động,900
42,2345174,Thẻ nhớ,900
43,2759655,Bật lửa,486
43,2495525,Bật lửa,30
43,2502663,Bật lửa,106
43,2333679,Bật lửa,900
44,2576794,Sơ mi tay dài,900
45,886565,"Máy cắt, máy mài",900
46,1858102,Quần lót,900
47,2402060,Dụng cụ chế biến rau củ,12
47,2931721,Dụng cụ nhà bếp khác,54
47,2733620,Dụng cụ chế biến rau củ,3
47,2858522,Dụng cụ nhà bếp khác,900
47,2858522,Dụng cụ nhà bếp khác,18
47,2737575,Máy ép trái cây,94
47,2790745,Máy ép trái cây,33
47,2828905,Dụng cụ chế biến rau củ,32
47,2873492,Dụng cụ chế biến rau củ,31
47,2435099,Dụng cụ chế biến rau củ,12
47,1429444,"Bình, ly, bộ ly tách",3665
47,2765283,Máy pha cà phê,2
47,1909067,Máy pha cà phê,16
47,2624429,Máy pha cà phê,3
48,2632280,Đồng hồ lộ máy,900
49,2297788,Áo và quần ngắn,900
50,2681541,Giày bốt nữ,900
50,2564980,"Ví, bóp tiền nam",147
50,2598544,Túi đeo chéo nữ,197
50,2241039,Túi đeo chéo nữ,83
50,1987818,Túi đeo chéo nữ,116
50,2322497,Giày bốt nữ,49
50,1100413,Giày bốt nữ,152
50,2435984,Giày bốt nữ,270
50,2628933,Giày bốt nữ,56
50,2509012,Giày bốt nữ,17
50,2322497,Giày bốt nữ,77
50,2681541,Giày bốt nữ,382
50,2478902,Giày bốt nữ,1100
51,2846115,Trang sức,20
51,2846123,Trang sức,900
52,2167813,Giày sneaker nam,900
53,1384427,Quần kaki,900
54,2263589,Áo kiểu,900
55,2120706,Quần kaki,900
56,2437450,Trang sức,900
56,2490200,Trang sức,2139
56,2785672,Trang sức,161
56,2739081,Đồng hồ kim,99
57,1197201,Quần kiểu khác,151
57,2663955,Quần lót,35
57,2663949,Quần lót,318
57,1379826,Giày bốt nam,89
57,901836,Giày bốt nam,45
57,901836,Giày bốt nam,900
58,2862190,Giày thể thao nam,900
59,2153494,Đầm ôm,900
60,2213967,Thú bông,444
60,2213967,Thú bông,900
61,1967236,Túi đeo chéo nữ,900
62,2852177,Phụ kiện khác,900
62,2852177,Phụ kiện khác,5
62,2852177,Phụ kiện khác,198
63,1923678,Đầm xòe,900
64,2749234,Giày sandal nữ,8
64,2749234,Giày sandal nữ,900
65,1973411,Váy bút chì,100
65,1973411,Váy bút chì,18
65,1334491,Váy bút chì,170
65,2903551,Váy bút chì,519
65,499034,Váy bút chì,15
65,499034,Váy bút chì,43
65,1367289,Váy bút chì,565
65,1346639,Váy bút chì,17
65,1973411,Váy bút chì,900
66,2862073,"Case, bao da điện thoại di động",900
66,2795902,"Case, bao da điện thoại di động",3
66,2902904,Tai nghe,17
66,2862073,"Case, bao da điện thoại di động",5
67,2676074,Áo và quần culottes,21
67,2676074,Áo và quần culottes,6
67,2676074,Áo và quần culottes,11
67,2676074,Áo và quần culottes,900
68,2753451,Áo và chân váy,900
69,2897852,Phụ kiện khác,244
69,2438307,Phụ kiện khác,900
70,2281077,Sơ mi tay dài,900
71,2516346,"Áo khoác vest, blazer",900
72,2899729,Giày thể thao nam,900
73,2759504,Bộ mỹ phẩm chăm sóc da,118
73,2629696,BB cream và CC cream,900
74,2272284,"Cáp sạc, cáp truyền dữ liệu",900
75,2725789,BB cream và CC cream,900
75,2725789,BB cream và CC cream,31
75,2917270,BB cream và CC cream,39
76,2670486,Nồi cơm điện,900
77,1994334,Trang sức,184
77,2647881,Trang sức,24
77,2647881,Trang sức,2359
77,647041,Bật lửa,700
77,2863786,Bật lửa,38
77,2863519,Bật lửa,34
77,2688413,Bật lửa,55
77,2352761,Bật lửa,900
78,2251478,Quần lót,900
79,1200716,Túi đeo chéo nam,900
79,2834912,Ổ khóa,90
80,2920400,Đầm maxi,49
80,2920382,Đầm maxi,900
80,2740036,Quần thời trang,1401
80,2220782,Quần legging,61
80,2307354,Quần thời trang,40
80,2396547,Váy xếp ly,19
80,2262890,Quần thời trang,110
81,2813144,Đèn pin,900
81,2051331,Bật lửa,752
81,2400385,Bộ dụng cụ đa năng,203
81,2499738,Bật lửa,497
81,2726220,Bật lửa,149
81,2802277,Bật lửa,1432
81,2802277,Bật lửa,81
81,2802277,Bật lửa,76
81,2800439,Bật lửa,99
81,2349867,Bật lửa,329
81,2287331,Bật lửa,39
81,2262298,Bật lửa,51
81,2679419,Bật lửa,175
81,2649219,Đồng hồ điện tử,31
81,2168953,Bật lửa,130
82,2178617,Quần lót,47
82,1979726,Quần lót,900
83,2811318,Các trò khác,900
84,2937340,Đầm xòe,900
85,2912851,Đồng hồ kim,900
86,2766837,"Cáp sạc, cáp truyền dữ liệu",36
86,2491646,"Cáp sạc, cáp truyền dữ liệu",300
86,2766706,"Cáp sạc, cáp truyền dữ liệu",418
86,2710805,"Bộ sạc pin, sạc đa năng",900
87,2630306,BB cream và CC cream,99
87,2472055,BB cream và CC cream,81
87,2776075,BB cream và CC cream,900
88,2857405,Đồng hồ kim,900
89,2675011,Chuột,900
90,2546980,Loa,900
91,2911161,Điện thoại di động,900
92,2178705,Quần lót,900
93,2616547,"Leo núi, cắm trại",900
94,2827468,Giày sneaker nam,900
95,1999898,Quần lót,900
96,2765641,Sản phẩm khác,23
96,2353249,Phụ kiện khác,48
96,2846542,Phụ kiện khác,900
97,2289628,Găng tay lái xe,37
97,2768279,Găng tay tập thể hình,900
98,2134417,Trang sức,900
99,2458808,Giày sneaker nam,900
100,2468228,Áo sơ mi công sở,900
101,2686196,Giày sneaker nam,900
102,2858776,"Giày lười, giày mọi nam",900
103,1993581,Nước hoa nam,900
104,2678833,Máy khoan,476
104,2754130,Máy khoan,29
104,2255852,Máy khoan,254
104,2671861,"Máy cắt, máy mài",481
104,2255852,Máy khoan,335
104,2255852,Máy khoan,25
104,2255852,Máy khoan,900
105,2048176,Son thỏi,900
106,2917624,USB 3G,900
107,2370825,"Áo khoác len, cardigan",40
107,2463936,"Áo khoác len, cardigan",3466
107,2391510,Áo khoác cách điệu,900
108,2743955,"Máy, khuôn và dụng cụ làm kem",900
108,2743986,"Máy, khuôn và dụng cụ làm kem",13
108,2743979,"Máy, khuôn và dụng cụ làm kem",17
108,2743955,"Máy, khuôn và dụng cụ làm kem",45
108,2743903,"Máy, khuôn và dụng cụ làm kem",23
109,2827468,Giày sneaker nam,900
110,2717554,"Dép quai ngang, chéo nam",70
110,2650537,Giày sandal nam,41
110,2430672,Giày sandal nam,302
110,2907548,Giày sandal nam,41
110,2313722,Giày sandal nam,900
111,2486573,Đồng hồ thời trang,20
111,2486314,Đồng hồ thời trang,74
111,2834384,Đồng hồ thời trang,3
111,2834384,Đồng hồ thời trang,900
112,1262329,Đầm suông,900
113,2587193,Đồng hồ kim,900
114,2562760,Sản phẩm khác,900
114,2606802,Sản phẩm khác,89
115,2870161,Chuột,110
115,2767719,Chuột,900
116,1885579,Túi đeo chéo nam,104
116,2812750,Túi đeo chéo nam,13
116,2894572,Túi đeo chéo nam,3
116,2918278,Túi đeo chéo nam,209
116,2163965,Túi đeo chéo nam,150
116,2181599,Túi đeo chéo nam,6
116,2864055,Túi đeo chéo nam,17
116,2172959,"Túi bao tử, túi đeo bụng",205
116,2729175,Túi đeo chéo nam,900
117,2314292,Đồng hồ điện tử,900
118,2487267,Trang phục,900
118,2893606,Bộ dụng cụ đa năng,7
118,2927865,Sản phẩm khác,7
118,2492349,Mô hình nhân vật,28
119,2911161,Điện thoại di động,900
120,2522057,Bộ ,65
120,1289916,Bộ ,335
120,2005142,Bộ ,49
120,2289061,Bộ ,65
120,1344892,Bộ ,49
120,1392161,Bộ ,62
120,1392267,Bộ ,235
120,2859775,Đầm,222
120,2913005,Đầm,37
120,2780642,Bộ ,301
120,2816172,Nón,178
120,2497458,Bộ ,156
120,2742208,Áo thun,50
120,2282669,Bộ ,139
120,2934773,Bộ ,37
120,2934940,Bộ ,43
120,2869005,Áo thun,46
120,2892737,Bộ ,9
120,1392202,Bộ ,128
120,1392044,Bộ ,7
120,2666659,Áo thun,23
120,2876557,Áo thun,7
120,2913005,Đầm,145
120,2859775,Đầm,57
120,2913005,Đầm,15
120,2063472,Bộ ,900
121,2869052,Giày sneaker nữ,900
121,2863509,Giày sneaker nữ,8
121,2863509,Giày sneaker nữ,766
121,2900317,Giày sneaker nữ,16
122,1071790,Áo polo có cổ,900
123,2713835,"Áo khoác dạ, măng tô, áo choàng",900
124,2911161,Điện thoại di động,900
125,2640447,Áo sơ mi công sở,900
126,890755,Áo khoác có mũ,471
126,2690750,"Áo khoác da, da lộn",900
126,2016040,Áo khoác chống nắng,23
126,2602368,Áo khoác có mũ,68
126,2902234,Áo khoác có mũ,58
126,938941,Áo khoác có mũ,81
126,890755,Áo khoác có mũ,87
126,938941,Áo khoác có mũ,11
126,2602368,Áo khoác có mũ,28
126,2902234,Áo khoác có mũ,23
126,2781348,Áo khoác có mũ,27
126,2781348,Áo khoác có mũ,160
127,2665012,Bật lửa,5
127,2665012,Bật lửa,900
128,2920368,Đầm maxi,900
128,2920368,Đầm maxi,6
129,1456377,Găng tay,51
129,1456367,Găng tay,65
129,2543030,Găng tay,71
129,1208062,Găng tay,95
129,2413080,Găng tay,900
130,1857956,Áo sơ mi công sở,50
130,1975553,"Dép cao gót, guốc",900
131,2639420,Quần lót,27
131,2791878,Quần lót,900
131,2639420,Quần lót,5
131,2178617,Quần lót,31
131,2251478,Quần lót,13
131,2251478,Quần lót,68
132,2518074,Đồng hồ đôi,900
133,2919933,Gậy selfie,900
134,703231,Áo ngực,19
134,703231,Áo ngực,900
135,2922240,Túi đeo chéo nữ,900
135,1882998,Áo và quần culottes,8
135,2846244,Túi đeo chéo nữ,405
135,2240859,Túi đeo chéo nữ,34
135,2541724,Túi đeo chéo nữ,5
135,2253935,Túi đeo chéo nữ,110
135,2319377,Túi đeo chéo nữ,18
135,2522458,Túi đeo chéo nữ,16
135,2522458,Túi đeo chéo nữ,6
135,2541724,Túi đeo chéo nữ,20
135,2319377,Túi đeo chéo nữ,246
136,2644916,Sơ mi tay dài,34
136,2644977,Sơ mi tay dài,900
137,2095291,Giày Oxford nữ,141
137,2795465,Giày sneaker nữ,900
137,2662576,Giày sneaker nữ,63
138,2745093,Đầm maxi,5
138,2745093,Đầm maxi,360
138,1407423,Áo sơ mi công sở,442
138,2904877,Đầm maxi,86
138,2709346,Đầm maxi,123
138,2873148,Đầm maxi,900
139,2870462,Điện thoại di động,900
139,2870377,Điện thoại di động,58
140,2251478,Quần lót,900
141,2907016,Thiết bị sử dụng trong nhà khác,900
142,2179342,Áo và quần dài,45
142,2468228,Áo sơ mi công sở,12
142,1847537,Áo sơ mi công sở,47
142,2468228,Áo sơ mi công sở,900
143,2858416,Son tint,26
143,2860599,Son tint,900
144,2539207,Giày bánh mì,900
145,2673839,Quần jeans ống côn skinny,30
145,2856311,Quần jeans ống côn skinny,105
145,2911285,Quần jogger,900
146,2744930,Thẻ nhớ,900
146,2744930,Thẻ nhớ,319
147,2619527,Nồi áp suất điện,47
147,2328825,Nồi áp suất điện,38
147,2558525,Nồi áp suất điện,42
147,2558446,Nồi áp suất điện,27
147,2746580,Nồi áp suất điện,59
147,2929438,Nồi áp suất điện,32
147,1883662,Nồi áp suất điện,34
147,2139007,Nồi áp suất điện,41
147,2619539,Nồi áp suất điện,900
148,2024145,Quần lót,900
148,2622163,Áo lót,25
148,2912444,Quần lót,1
148,2889698,Quần lót,1
148,2912444,Quần lót,9
148,2829727,Boxer,9
148,2622163,Áo lót,59
148,2006890,Quần lót,19
148,2294519,Quần lót,21
148,2006890,Quần lót,104
148,2889698,Quần lót,62
149,2036434,Găng tay,11
149,2036434,Găng tay,900
150,1998082,Dưỡng tóc,900
150,1998082,Dưỡng tóc,3649
151,1172819,Áo khoác có mũ,900
152,2020692,Sơ mi tay dài,900
153,2899729,Giày thể thao nam,109
153,2934823,Giày thể thao nam,204
153,1874338,Giày thể thao nam,900
154,2078872,Áo sơ mi công sở,900
155,2024021,Áo thun không cổ,50
155,2024021,Áo thun không cổ,900
155,2826417,"Áo thể thao, tập gym",250
155,2826417,"Áo thể thao, tập gym",52
155,2800948,Áo thun không cổ,57
155,2024021,Áo thun không cổ,126
155,2024021,Áo thun không cổ,438
156,2872851,"Giày lười, giày mọi nam",158
156,1928849,Giày tây,101
156,2839895,Giày tây,1185
156,2284390,Giày tây,100
156,2406352,Giày tây,900
157,2830328,Máy tính bảng,900
158,2673150,Bổ sung tăng cường,900
158,2818739,Bổ sung tăng cường,22
158,2673150,Bổ sung tăng cường,12
158,2673173,Bổ sung tăng cường,17
158,2422736,Bao cao su,49
158,2724813,Bổ sung tăng cường,83
158,2500546,Bao cao su,57
158,2500546,Bao cao su,67
158,2676738,Bổ sung tăng cường,28
159,2764320,Áo kiểu,900
160,2931873,Vali - Túi du lịch khác,261
160,1458016,"Túi xách tay, cặp nam",49
160,2090897,"Túi xách tay, cặp nam",89
160,2706988,"Túi xách tay, cặp nam",115
160,1094441,"Túi xách tay, cặp nam",900
161,2646957,"Áo len, áo lạnh",900
162,899556,Bộ dụng cụ đa năng,65
162,899556,Bộ dụng cụ đa năng,900
163,2877530,Loa,900
164,2772088,Gậy selfie,629
164,2772088,Gậy selfie,14
164,2926087,Gậy selfie,900
165,2678842,Trang sức,900
166,759703,Tai nghe,900
167,2834047,"Miếng dán bảo vệ, trang trí",900
168,2555413,Đồng hồ điện tử,469
168,2555413,Đồng hồ điện tử,49
168,2547490,Đồng hồ kim,74
168,2833982,Đồng hồ kim,305
168,2891884,Đồng hồ kim,900
169,2512533,Bàn phím máy tính bảng,900
169,445748,Bàn phím,35
169,642188,Bàn phím,238
169,2464883,Bàn phím,15
169,2755963,Bàn phím máy tính bảng,29
169,1430517,Bàn phím máy tính bảng,39
169,2925093,Bàn phím máy tính bảng,67
170,2828674,Tinh dầu xông phòng,900
171,2922830,Quần jogger,900
171,2884212,Quần jogger,719
171,1463075,Quần shorts kaki,88
171,1945343,Sơ mi tay dài,337
171,2812137,Sơ mi tay dài,37
171,2739347,Sơ mi tay dài,76
171,2935710,Sơ mi tay dài,110
171,2922830,Quần jogger,77
171,2895801,Sơ mi tay dài,80
171,2590131,Sơ mi tay ngắn,90
171,2743390,Quần kaki,160
171,2926152,Quần kaki,54
171,2492125,Quần kaki,121
171,2919614,Quần kaki,19
171,2896509,Sơ mi tay dài,45
172,2776401,Nón,900
173,2749174,Áo thun không cổ,900
173,2795967,Áo thun không cổ,581
173,2930871,Áo thun không cổ,27
174,2142545,"Áo khoác dạ, măng tô",64
174,2142545,"Áo khoác dạ, măng tô",62
174,2536009,"Áo khoác dạ, măng tô",78
174,2424741,"Áo khoác dạ, măng tô",158
174,2579234,"Áo khoác dạ, măng tô",900
175,1024819,Đầm ôm,900
175,2827238,Đầm ôm,75
176,2437582,Bổ sung tăng cường,900
177,2251478,Quần lót,900
177,2178617,Quần lót,93
178,2744842,Sản phẩm bôi trơn,80
178,2374440,Sản phẩm bôi trơn,900
179,2723498,Đầm xòe,333
179,2723498,Đầm xòe,576
179,2681347,Đầm ôm,900
180,2083064,Quần lót,13
180,1009295,Sản phẩm khác,900
180,1441099,Sản phẩm khác,22
180,836311,Quần lót,22
180,2475040,Quần lót,19
180,2269859,Quần lót,28
180,2266002,Quần lót,9
180,2029499,Quần lót,15
180,1458334,Quần lót,13
180,2743456,Quần lót,16
180,2613496,Quần lót,19
180,2029499,Quần lót,12
180,2178571,Quần lót,18
180,2029469,Quần lót,15
180,1937605,Quần lót,15
181,2285347,"Giày lười, giày mọi nam",14
181,2050127,Giày nhựa nam,900
182,2922108,Son dưỡng,900
183,2187933,Lắc chân,900
184,2238434,Quần jean,900
185,2868646,Giày sneaker nam,40
185,2872603,Giày sneaker nam,5
185,2840136,Giày sneaker nam,56
185,2872498,Giày sneaker nam,900
186,2790182,Váy cưới,900
187,2646507,Áo thun có tay,25
187,2777742,Áo thun có tay,11
187,2742196,Áo thun có tay,19
187,2801426,Áo thun có tay,43
187,2848454,Áo thun có tay,41
187,2928526,Áo khoác chống nắng,16
187,2816438,Áo khoác chống nắng,34
187,2823085,"Áo khoác vest, blazer",900
188,2542020,Đầm xòe,472
188,2539194,Đầm xòe,14
188,2651043,Đầm xòe,900
189,1960259,Bikini,99
189,2801303,Bikini,900
190,1858541,Giày tây,900
191,1930061,Áo cưới,900
191,1930061,Áo cưới,28
192,2336496,Áo và quần dài,900
193,2930744,Giày thể thao nam,232
193,2661372,Giày thể thao nam,110
193,2679205,Giày thể thao nam,900
194,1990573,Vòng tay,900
195,2803133,Giày sneaker nữ,24
195,2869103,Giày sneaker nữ,25
195,2888281,Giày sneaker nữ,71
195,2888281,Giày sneaker nữ,900
196,2321753,"Giày mọi, slip on nữ",63
196,2205948,Son dưỡng,140
196,2006687,Giày sneaker nữ,31
196,2914908,Giày sneaker nữ,900
197,2178571,Quần lót,900
197,2029469,Quần lót,21
197,2178617,Quần lót,31
197,2083064,Quần lót,26
198,2852177,Phụ kiện khác,900
199,2616547,"Leo núi, cắm trại",247
199,2216297,"Leo núi, cắm trại",71
199,2691355,Các loại đồ chơi vận động,73
199,1290954,Đồ dùng sinh hoạt khác,3
199,2068554,"Leo núi, cắm trại",900
200,2819309,Bật lửa,48
200,2896356,Mắt kính,900
200,2497323,Mắt kính,247
200,2283394,Bật lửa,8
200,2806045,Bật lửa,2
200,2634620,Bật lửa,50
200,2806045,Bật lửa,6
200,2806045,Bật lửa,39
200,2644558,Máy nghe nhạc,7
200,2486126,Loa,131
200,2644558,Máy nghe nhạc,156
200,2806045,Bật lửa,516
200,2283394,Bật lửa,235
201,2811732,Giày sneaker nam,34
201,2368104,Giày sneaker nam,46
201,2319837,Giày sneaker nam,54
201,2324988,Giày sneaker nữ,900
202,2653251,Tai nghe,130
202,1960265,Bikini,900
203,2894638,Đồng hồ đôi,900
203,2882609,Đồng hồ đôi,49
203,2889112,Đồng hồ đôi,20
203,2841085,Đồng hồ đôi,47
203,2841085,Đồng hồ đôi,30
203,2931395,Đồng hồ đôi,19
204,2651837,Giày sneaker nữ,900
205,2870845,Giày sandal nữ,80
205,2863953,Giày sandal nữ,158
205,2101393,Giày sandal nữ,900
206,2395162,Quần jeans ống côn skinny,3611
206,2480228,Quần jeans ống côn skinny,71
206,2711408,Quần jeans ống côn skinny,147
206,2699678,Quần jeans ống côn skinny,57
206,2419006,Quần jeans ống côn skinny,114
206,2566088,Quần jeans ống côn skinny,517
206,2549257,Quần jeans ống côn skinny,900
207,2539194,Đầm xòe,900
207,2676380,Đầm ôm,29
208,2473509,Đồng hồ kim,50
208,2473509,Đồng hồ kim,900
209,2446448,Dụng cụ chế biến rau củ,900
210,1834146,Sản phẩm khác,900
211,2937224,Thắt lưng,900
212,2779956,Các loại đồ chơi vận động,900
213,2829016,Điện thoại di động,900
213,2870384,Điện thoại di động,48
213,2870447,Điện thoại di động,82
213,2870603,Điện thoại di động,679
213,2870603,Điện thoại di động,360
213,2930087,Điện thoại di động,962
214,2595521,Pin laptop,232
214,2595521,Pin laptop,900
214,2595521,Pin laptop,23
214,2347389,Pin laptop,14
215,1371543,Loa,900
216,2464344,Tai nghe,52
216,2141751,Tai nghe,4
216,2847387,Tai nghe,900
217,2856956,"Giày lười, giày mọi nam",10
217,681113,"Giày lười, giày mọi nam",900
217,2438878,Giày sneaker nam,21
218,1965134,Nước hoa nam,900
219,2545357,Đầm xòe,900
220,2371771,Bikini,900
221,2852141,"Áo khoác len, cardigan",834
221,2058105,"Áo khoác len, cardigan",1
221,2561899,"Áo khoác len, cardigan",900
222,2839725,Jumpsuit,900
222,2929979,Jumpsuit,86
222,2178683,Jumpsuit,168
222,2928527,Jumpsuit,168
222,2929979,Jumpsuit,12
223,2871020,Áo khoác chống nắng,36
223,2847315,Áo khoác chống nắng,900
224,2670466,Balo khác,4
224,1924792,Balo khác,52
224,2575791,Balo khác,4
224,2670466,Balo khác,54
224,2487606,Balo khác,5
224,2006484,"Balo, túi xách du lịch",34
224,1364314,"Tủ vải, hộp, thùng đựng đồ",900
225,2864723,"Giá, kệ để gọn đồ",900
226,1085062,Đồng hồ kim,900
227,2544998,Áo thun có tay,900
228,2024021,Áo thun không cổ,123
228,2527242,Quần tây nam,900
228,2862878,Quần jeans ống côn skinny,2831
229,2870485,Điện thoại di động,900
230,2555413,Đồng hồ điện tử,900
231,2517906,Giày thể thao nam,900
232,2799724,Quần jeans ống côn skinny,28
232,2801064,Quần kaki,900
233,2282349,"Đồng hồ vòng tay, lắc dây",72
233,2369611,"Đồng hồ vòng tay, lắc dây",84
233,2369924,"Đồng hồ vòng tay, lắc dây",179
233,2852559,"Đồng hồ vòng tay, lắc dây",900
234,1935081,Giày đế xuồng,900
235,1389111,Giày tây,900
236,2799244,"Leo núi, cắm trại",3692
236,1881605,Trang sức,1308
236,1881605,Trang sức,900
236,1881605,Trang sức,108
236,1881605,Trang sức,50
237,2764320,Áo kiểu,900
238,2655126,Váy ngủ,186
238,2273465,Váy ngủ,900
239,2371771,Bikini,900
240,2898217,Bao cao su,900
241,2479463,Giày sneaker nam,900
241,2555965,Giày thể thao nam,11
241,2148818,Giày sneaker nam,67
241,2380229,Loa,32
242,2631296,Giày tây,900
243,2664048,"Case, bao da điện thoại di động",900
244,2341569,Đầm suông,107
244,2017451,Đầm ôm,900
244,1973540,Đầm maxi,182
244,2215787,Đầm dạ hội,70
244,2917062,Đầm ôm,44
244,2848073,Đầm maxi,99
244,2917062,Đầm ôm,36
244,2916994,Áo thun có tay,13
244,2563165,Đầm suông,87
244,2923343,Đầm maxi,40
244,2455039,Đầm maxi,76
245,2138744,Quần tây,900
246,1341956,Đồng hồ thời trang,900
247,2901753,Dụng cụ học tập,900
247,2460020,"Chân nến, lò đốt tinh dầu",55
247,2913250,"Kệ, hộp bút",71
247,1939298,"Bình, ly, bộ ly tách",236
247,2033950,"Ly, tách",20
247,2357089,"Bình, ly, bộ ly tách",19
247,2416657,Khác,92
247,2848864,Bình và ly giữ nhiệt,129
247,2109292,Sản phẩm khác,50
247,533678,Trang trí để bàn khác,25
247,564767,Sản phẩm khác,11
247,1865093,"Bình, ly, bộ ly tách",112
247,2848864,Bình và ly giữ nhiệt,130
247,2663386,"Bình, ly, bộ ly tách",25
247,2726985,"Bình, ly, bộ ly tách",21
247,2256675,Thiết bị sử dụng trong nhà khác,42
247,2541925,"Bình, ly, bộ ly tách",74
247,2842605,"Cốc, bát, thìa, dĩa",45
248,2641680,Tai nghe,900
248,2859292,Tai nghe,46
248,2521654,Tai nghe,173
248,2266836,Tai nghe,31
249,2893292,"Miếng dán bảo vệ, trang trí",7
249,2817053,"Miếng dán bảo vệ, trang trí",900
250,2645638,Quần jeans ống côn skinny,900
250,2555476,Quần jeans ống côn skinny,302
250,2704596,Quần jeans ống côn skinny,86
250,2709814,Quần jeans ống côn skinny,90
250,2614509,Quần jeans ống côn skinny,12
250,2930370,Quần jeans ống côn skinny,33
250,2902041,Quần jeans ống côn skinny,41
250,2866488,Quần jeans ống suông,20
250,2596379,Quần jeans ống côn skinny,10
250,2644350,Quần jeans ống côn skinny,39
250,2931985,Quần jeans ống côn skinny,10
250,2614547,Quần jeans ống côn skinny,361
250,2391848,Quần jeans ống côn skinny,25
250,2636717,Quần jeans ống côn skinny,29
250,2614563,Quần jeans ống côn skinny,9
250,2635272,Quần jeans ống côn skinny,46
250,2711408,Quần jeans ống côn skinny,17
250,2933833,Quần jeans ống côn skinny,9
250,956514,Quần jeans ống côn skinny,8
250,2933833,Quần jeans ống côn skinny,25
250,2933833,Quần jeans ống côn skinny,183
250,2933833,Quần jeans ống côn skinny,256
251,2798953,Giày bánh mì,79
251,2852205,"Giày lười, giày mọi nam",28
251,2436085,"Vớ, tất",7
251,1199772,"Giày lười, giày mọi nam",72
251,2698659,"Giày lười, giày mọi nam",1349
251,2400408,"Giày lười, giày mọi nam",900
251,997242,"Giày lười, giày mọi nam",32
251,1199772,"Giày lười, giày mọi nam",62
251,2797385,"Giày mọi, slip on nữ",5
251,2458808,Giày sneaker nam,28
251,2743532,"Giày lười, giày mọi nam",0
251,2868567,Giày sneaker nam,39
251,2526823,"Giày lười, giày mọi nam",48
251,2538630,Quần kaki,2
251,2618579,"Giày lười, giày mọi nam",139
251,2777078,Giày bánh mì,19
251,2178958,Giày bánh mì,31
251,1105473,"Giày lười, giày mọi nam",12
251,2128162,"Giày lười, giày mọi nam",145
251,2448474,"Giày lười, giày mọi nam",39
251,2270714,"Giày lười, giày mọi nam",16
251,2814590,"Giày lười, giày mọi nam",36
251,2219026,"Giày lười, giày mọi nam",14
251,2213167,Giày sneaker nam,8
251,1944779,"Giày lười, giày mọi nam",52
252,2666120,"Túi, banh giặt",900
253,2877367,Điện thoại di động,157
253,2662048,Gậy selfie,900
254,2460522,Đầm bầu,887
254,2460522,Đầm bầu,900
255,2253773,Son thỏi,900
256,2272005,Giày sneaker nam,900
257,2777965,Áo sơ mi công sở,900
258,2179342,Áo và quần dài,184
258,1381244,Áo kiểu,3
258,1381244,Áo kiểu,900
259,2162893,Mắt kính,900
260,2033144,Quần kaki,515
260,2844328,Quần kaki,34
260,2844328,Quần kaki,900
261,2371771,Bikini,900
262,1078432,Giày Oxford nữ,900
262,1313388,Giày cao gót,166
262,599481,Giày bánh mì,47
262,2905766,Giày Oxford nữ,71
262,593261,Giày bốt nữ,72
262,906112,Giày bánh mì,21
263,2836000,Trang sức,1086
263,2867146,Trang sức,900
264,1230719,Phụ kiện âm thanh,900
265,631776,Chăm sóc răng miệng,900
266,2900263,"Quần thể thao, tập gym",20
266,2926358,Bộ quần áo thể thao,900
266,2937467,Giày thể thao nam,3
266,2926262,"Dép quai ngang, chéo nam",5
266,2880835,Giày thể thao nữ,10
266,2880273,Giày thể thao nữ,37
266,2881016,Giày thể thao nam,4
266,2937467,Giày thể thao nam,13
267,2800643,Đầm ôm,900
267,2202049,Áo thun có tay,258
267,1837036,Đầm ôm,43
267,2035441,Đầm dạ hội,102
267,2859531,Đầm ôm,34
267,2812395,Đầm ôm,19
267,2907015,Đầm ôm,18
268,2178705,Quần lót,900
269,2849759,"Kem lột, trị mụn",900
270,1949445,Đầm suông,900
271,2935955,Loa,900
272,1115262,Đầm ôm,7262
272,2196626,Balo khác,63
272,2196626,Balo khác,3
272,2196626,Balo khác,3
272,2196626,Balo khác,106
272,1980158,Túi đeo chéo nữ,900
273,2405816,Móc khóa,900
274,2286250,Son thỏi,900
274,2741601,Son thỏi,258
274,2885523,Son thỏi,34
274,2885523,Son thỏi,17
274,2885523,Son thỏi,110
274,2857868,Son thỏi,45
274,2920796,Son tint,33
274,2857868,Son thỏi,33
274,2184007,Son thỏi,122
274,2583514,Son thỏi,96
274,2835115,Son thỏi,87
274,2184739,Son thỏi,56
274,2253773,Son thỏi,5
275,2870671,Điện thoại di động,900
276,2846538,Sản phẩm khác,900
277,2810105,Áo khoác thể thao,900
278,2837683,Quần tây,900
279,2780454,Quần lót,33
279,2639166,Quần lót,28
279,2639420,Quần lót,27
279,2906543,Quần lót,27
279,2780910,Quần lót,900
279,2639243,Quần lót,24
279,2639284,Quần lót,17
279,1458365,Quần lót,21
279,2930956,Quần lót,93
279,2893182,Váy ngủ,154
279,1458334,Quần lót,33
280,2868835,Mô hình nhân vật,23
280,2892447,Mô hình nhân vật,20
280,2868835,Mô hình nhân vật,900
281,2178654,Quần lót,900
282,2852892,Sơ mi tay dài,900
283,2205407,Phấn tạo khối và highlight,900
284,2776764,Áo kiểu,900
284,2824669,Áo kiểu,90
284,2621251,Đầm ôm,22
284,2355492,Đầm ôm,12
284,2621400,Đầm ôm,11
284,2621475,Đầm ôm,17
284,2353001,Đầm ôm,112
284,2352241,Đầm ôm,7
284,2352356,Đầm ôm,9
284,2824669,Áo kiểu,41
284,2362566,Đầm ôm,6
284,2399080,Đầm ôm,10
284,2362627,Đầm ôm,6
284,2622570,Đầm ôm,9
284,2352926,Đầm ôm,10
284,2355737,Đầm ôm,7
284,2622566,Đầm ôm,24
284,2363001,Đầm ôm,9
284,2622595,Đầm ôm,14
284,2622585,Đầm ôm,21
285,1829165,Đồng hồ kim,13
285,1829165,Đồng hồ kim,6
285,1829165,Đồng hồ kim,900
286,2456942,Áo kiểu,116
286,1317101,Áo sơ mi công sở,900
287,2008207,Đèn pin,5
287,2068647,Đèn pin,900
287,2068647,Đèn pin,2
288,2635102,Mô hình nhân vật,900
288,2688724,Áo khoác chống nắng,114
288,2917792,Giày thể thao nam,82
288,2930744,Giày thể thao nam,55
288,2917792,Giày thể thao nam,58
288,2936797,Giày thể thao nam,116
288,2740079,Giày thể thao nam,206
288,2889654,Giày thể thao nam,185
288,2868770,Mô hình nhân vật,215
289,2920660,Áo kiểu,900
290,2894252,Đồng hồ kim,900
291,2654511,Giày sneaker nam,900
292,1301585,"Máy và khuôn, khay làm bánh",203
292,1301585,"Máy và khuôn, khay làm bánh",900
293,2832457,"Cáp sạc, cáp truyền dữ liệu",19
293,2713967,"Cáp sạc, cáp truyền dữ liệu",16
293,2212248,"Cáp sạc, cáp truyền dữ liệu",16
293,1973673,"Cáp sạc, cáp truyền dữ liệu",0
293,2832455,"Cáp sạc, cáp truyền dữ liệu",900
293,2832454,"Cáp sạc, cáp truyền dữ liệu",23
293,2867209,"Cáp sạc, cáp truyền dữ liệu",179
293,2832454,"Cáp sạc, cáp truyền dữ liệu",1192
293,2832454,"Cáp sạc, cáp truyền dữ liệu",28
294,2831690,"Ví, bóp tiền nam",64
294,2449045,"Ví, bóp tiền nam",900
295,2095291,Giày Oxford nữ,900
296,2796634,Bikini,900
297,2870411,Áo khoác chống nắng,57
297,2852159,"Áo khoác len, cardigan",900
297,2852159,"Áo khoác len, cardigan",17
297,2935283,Áo khoác khác,57
297,1017754,Áo khoác thể thao,17
297,2578190,Áo khoác có mũ,11
297,2788444,Áo khoác thể thao,130
297,2871658,Áo khoác chống nắng,37
297,2506778,Áo khoác thể thao,33
297,2888707,Áo khoác chống nắng,19
297,2688724,Áo khoác chống nắng,24
297,2886839,Áo thun không cổ,104
297,1106305,Áo thun không cổ,33
297,2822709,Áo khoác chống nắng,17
298,2082642,Giày sneaker nam,900
299,2937324,Đồng hồ kim,900
299,2937324,Đồng hồ kim,63
299,2937257,Đồng hồ kim,14
300,1901683,Áo polo có cổ,174
300,2221818,Áo khoác thể thao,16
300,2221818,Áo khoác thể thao,900
301,2893965,Bàn phím,900
302,2900120,Áo khoác chống nắng,63
302,2823039,Áo khoác chống nắng,3
302,2900120,Áo khoác chống nắng,900
302,2823039,Áo khoác chống nắng,4
302,2900120,Áo khoác chống nắng,45
302,2823039,Áo khoác chống nắng,31
303,2154766,Mắt kính,2
303,2199199,Mắt kính,99
303,1131325,Mắt kính,231
303,2912477,Mắt kính,9
303,2908945,Mắt kính,60
303,2912445,Mắt kính,900
304,1884935,Cọ và các dụng cụ trang điểm,900
305,2538361,Đồng hồ đôi,3
305,2836927,Đồng hồ đôi,133
305,2743600,Đồng hồ đôi,138
305,2742317,Đồng hồ đôi,29
305,2475384,Đồng hồ đôi,178
305,2852695,Đồng hồ đôi,900
306,1858102,Quần lót,900
307,2517906,Giày thể thao nam,900
308,2647999,Giày tăng chiều cao,85
308,2647999,Giày tăng chiều cao,6
308,2647999,Giày tăng chiều cao,15
308,2295812,Giày tây,900
309,2870377,Điện thoại di động,900
310,2849946,Đầm,32
310,2357265,Đầm,188
310,2035452,Đầm,900
311,1142708,Bikini,900
312,2519607,Đầm dạ hội,1710
312,2354369,Đầm xòe,900
313,2829872,Son thỏi,19
313,1382843,Son thỏi,900
314,2178617,Quần lót,900
315,2516276,Đồng hồ kim,900
315,2793265,Đồng hồ kim,63
315,2912837,Đồng hồ kim,250
316,2633702,Áo ngực,900
317,1429403,"Miếng dán tan mỡ, đai nịt bụng",168
317,782934,Dụng cụ làm đẹp,3139
317,1429403,"Miếng dán tan mỡ, đai nịt bụng",633
317,2752423,"Miếng dán tan mỡ, đai nịt bụng",57
317,2752423,"Miếng dán tan mỡ, đai nịt bụng",900
318,2713392,Hộp đựng ổ cứng,900
319,2934971,Mắt kính thông minh,900
320,2718159,Đồng hồ thời trang,900
320,2866836,Đồng hồ thời trang,7
320,1421663,Đồng hồ thời trang,16
320,1965741,Áo vest,39
320,2314740,Đồng hồ thời trang,68
321,2678936,Đồng hồ lộ máy,900
322,2823454,Đồng hồ kim,70
322,2823454,Đồng hồ kim,900
323,2795913,Lens chụp hình,3
323,2843472,Lens chụp hình,900
324,2445868,"Áo khoác dạ, măng tô, áo choàng",233
324,2445868,"Áo khoác dạ, măng tô, áo choàng",900
325,2429165,Son thỏi,80
325,2552937,Son thỏi,719
325,2552937,Son thỏi,900
326,2937002,Áo kiểu,900
327,2856956,"Giày lười, giày mọi nam",32
327,2550618,Giày sneaker nam,900
327,2352546,"Giày lười, giày mọi nam",12
328,2895941,Sơ mi tay dài,900
329,1960255,Bikini,6
329,2607456,Đồng hồ kim,25
329,2499099,Đồng hồ kim,296
329,2499084,Đồng hồ kim,64
329,2605447,Đồng hồ kim,330
329,1960255,Bikini,33
329,1960265,Bikini,12
329,2178654,Quần lót,16
329,1960265,Bikini,2
329,2801303,Bikini,900
330,2741033,Đầm maxi,900
331,2716897,Giày sandal nữ,900
332,2866628,Áo khoác thể thao,28
332,2867008,Áo khoác thể thao,44
332,2871020,Áo khoác chống nắng,103
332,2913432,Áo khoác đôi,900
333,2893151,Giày sneaker nam,39
333,2802356,Giày sneaker nam,164
333,2773010,Giày sneaker nam,50
333,2906723,Giày sneaker nam,20
333,2783690,Giày sneaker nam,37
333,2867092,Giày sneaker nam,143
333,2792795,Giày sneaker nam,27
333,2842173,Giày sneaker nam,900
333,2781386,Giày sneaker nam,125
333,2342339,Giày sneaker nam,44
333,2910525,Giày sneaker nam,41
333,2856449,Giày sneaker nam,45
333,2566107,Giày sneaker nam,75
333,2566136,Giày sneaker nam,14
333,2709707,Giày sneaker nam,25
333,2566116,Giày sneaker nam,11
333,2904751,Giày sneaker nam,236
333,2620288,Giày sneaker nam,9
333,2905197,Giày sneaker nam,89
333,2905197,Giày sneaker nam,9
333,2620288,Giày sneaker nam,58
333,2082656,Giày sneaker nam,21
334,2890819,Sơ mi tay dài,900
334,2462143,Sơ mi tay dài,479
334,2117238,Sơ mi tay dài,11
334,2887332,Sơ mi tay dài,23
334,2130704,Sơ mi tay dài,38
335,2898295,Giày thể thao nam,900
336,1152718,Đầm ôm,900
337,2302880,Tất,26
337,2901668,Phụ kiện tóc,10
337,2915356,Tất,44
337,2663297,Tất,48
337,2569915,Tất,900
338,2905023,"Giày lười, giày mọi nam",900
339,2318630,Vòng cổ,900
340,2914070,Tóc giả nam,140
340,2901791,Tóc giả nam,64
340,2924290,Tóc giả nam,144
340,2347473,Tóc giả nam,900
340,2119416,Tóc giả nam,102
340,2347473,Tóc giả nam,17
340,1875457,Tóc giả nam,10
341,2616684,Tai nghe,402
341,2682212,Bàn phím,62
341,2701992,Bàn phím,112
341,2635900,Bàn phím,70
341,2635900,Bàn phím,900
342,2551961,Áo và quần dài,900
343,1960255,Bikini,28
343,1960255,Bikini,3
343,1960255,Bikini,22
343,1960259,Bikini,900
344,2518364,"Ví, bóp nữ khác",900
344,2835182,"Ví cầm tay, clutch nữ",49
344,2562260,"Ví cầm tay, clutch nữ",44
344,1275154,"Ví, bóp tiền nữ",30
344,2923770,"Ví, bóp tiền nữ",36
344,2685967,"Ví, bóp tiền nữ",20
344,2704135,Túi xách tay nữ,70
344,2374181,"Ví cầm tay, clutch nữ",47
344,2447435,"Ví, bóp tiền nữ",75
345,1396573,Váy xếp ly,484
345,1460639,Váy ngắn,8
345,1460639,Váy ngắn,900
346,2628315,Bikini,18
346,2612296,Một mảnh,900
347,2178705,Quần lót,7
347,1960259,Bikini,900
347,2291815,Quần lót,533
347,2773355,"Pyjama, đồ ngủ",19
347,2371771,Bikini,33
347,2291815,Quần lót,880
347,2291815,Quần lót,22
347,2251478,Quần lót,10
347,1142708,Bikini,15
347,2291815,Quần lót,15
347,2183553,Quần lót,42
347,2251478,Quần lót,40
347,2183553,Quần lót,37
347,2183553,Quần lót,11
347,2769571,Bikini,429
348,1995569,Máy massage và giảm béo,193
348,2936533,Máy massage và giảm béo,214
348,2781132,Bộ dụng cụ đa năng,90
348,2429106,Sản phẩm khác,900
349,1107189,"Giày lười, giày mọi nam",27
349,1331342,Đồng hồ lộ máy,71
349,2559931,Đồng hồ lộ máy,44
349,2559769,Đồng hồ điện tử,900
350,2567438,Tai nghe,900
351,2921815,Gel tạo kiểu tóc,7
351,2921815,Gel tạo kiểu tóc,1738
351,1984717,Đầm suông,9
351,1984717,Đầm suông,900
352,892536,Áo thun không cổ,900
353,2759785,Đồng hồ kim,900
354,2049133,Giày sneaker nam,900
355,2879349,Quần shorts kaki,69
355,841577,Quần shorts kaki,52
355,2879349,Quần shorts kaki,42
355,841577,Quần shorts kaki,274
355,2879349,Quần shorts kaki,124
355,2642356,"Dép quai ngang, chéo nam",951
355,798350,"Dép quai ngang, chéo nam",900
356,2538369,Váy dài,900
357,2936769,Áo và quần lửng,900
358,1148061,Quần jeans ống côn skinny,2
358,1148061,Quần jeans ống côn skinny,94
358,1148061,Quần jeans ống côn skinny,2
358,1148061,Quần jeans ống côn skinny,900
359,2772014,Áo khoác cách điệu,538
359,2538665,"Áo khoác dạ, măng tô, áo choàng",6
359,2075682,Áo khoác cách điệu,53
359,2713387,Áo khoác cách điệu,349
359,2880506,Quần ngắn,167
359,2880516,Quần ngắn,10
359,2880506,Quần ngắn,27
359,2739995,Quần ngắn,65
359,1231378,Quần ngắn,36
359,1969369,Quần ngắn,32
359,1886934,Váy ngủ,900
360,2291711,Quần lót,900
360,2178617,Quần lót,44
361,2342421,Váy ngủ,93
361,2342446,Váy ngủ,18
361,2342421,Váy ngủ,53
361,2342446,Váy ngủ,22
361,2342421,Váy ngủ,38
361,2342446,Váy ngủ,44
361,2342421,Váy ngủ,16
361,2342446,Váy ngủ,900
362,2896514,Sơ mi tay dài,1
362,2844224,Áo thun dài tay,900
363,2245705,Đầm ôm,87
363,2473839,Đầm ôm,900
364,2600650,Quần jeans ống côn skinny,26
364,2542546,Quần jeans ống côn skinny,36
364,2600650,Quần jeans ống côn skinny,900
365,2936910,Son thỏi,900
366,2764172,Quạt hơi nước,254
366,2869211,Quạt hơi nước,900
366,2741065,Quạt hơi nước,113
366,2869505,Quạt hơi nước,69
366,2741065,Quạt hơi nước,182
366,1943649,Quạt hơi nước,3
366,1943674,Quạt hơi nước,29
366,1943649,Quạt hơi nước,142
366,2674979,Quạt hơi nước,21
366,2438848,Quạt đứng,4
366,2741065,Quạt hơi nước,9
366,2438848,Quạt đứng,58
366,2741065,Quạt hơi nước,56
366,2674979,Quạt hơi nước,20
366,2741065,Quạt hơi nước,390
366,2764369,Quạt hơi nước,252
366,2741065,Quạt hơi nước,26
367,2100034,Jumpsuit,900
368,2270274,Găng tay,900
369,2768781,Áo sơ mi công sở,900
369,2908150,Áo sơ mi công sở,975
369,2200658,Bộ mỹ phẩm chăm sóc da,1016
369,2421476,Áo sơ mi công sở,75
370,2824669,Áo kiểu,900
371,2807971,Sơ mi tay dài,19
371,2186844,Áo khoác chống nắng,505
371,2807971,Sơ mi tay dài,900
372,2793097,"Leo núi, cắm trại",900
373,2936543,Quần lót,900
373,2936945,Quần lót,2
374,2563662,Tất,900
374,2930744,Giày thể thao nam,2251
374,2283994,Áo đôi,1454
375,2213217,Giày sneaker nữ,900
376,2859475,Máy nghe nhạc,64
376,2105239,Quần lót,68
376,2576465,Sơ mi tay dài,87
376,2800913,Quần jeans ống côn skinny,687
376,2893282,Sơ mi tay dài,189
376,2232047,Sơ mi tay dài,405
376,2904392,Sơ mi tay dài,213
376,2812109,Sơ mi tay dài,149
376,2031733,Nước hoa nam,900
377,2936147,Giày thể thao nam,63
377,2902133,Giày thể thao nam,65
377,2901051,Giày thể thao nam,42
377,2883622,Giày thể thao nam,900
378,2630829,Kem làm trắng,900
379,2726999,"Chăm sóc sức khỏe, vitamin",900
380,1094523,Bánh ăn dặm,29
380,1094523,Bánh ăn dặm,26
380,2657697,Bánh ăn dặm,46
380,2657697,Bánh ăn dặm,11
380,2229863,Bánh ăn dặm,900
381,2736810,Đồng hồ kim,900
382,2932482,Quần kaki,2452
382,2538630,Quần kaki,900
383,1851418,Áo đôi,50
383,2283994,Áo đôi,163
383,2910125,Đồng hồ thời trang,900
384,1062243,Jumpsuit,900
384,2909104,Áo và quần dài,19
384,2393429,Áo và quần dài,104
384,2937031,Áo và quần dài,46
384,1062243,Jumpsuit,24
384,1837339,Jumpsuit,42
384,2191566,Áo và quần dài,23
384,2277461,Jumpsuit,21
384,1062243,Jumpsuit,92
385,2842603,Đồng hồ kim,900
385,2445022,Đồng hồ kim,89
385,2776098,Đồng hồ kim,42
385,2633452,Đồng hồ kim,59
385,2445022,Đồng hồ kim,58
385,2440475,Đồng hồ kim,205
386,2924282,Đầm dạ hội,1672
386,2829879,Đầm ôm,900
387,2145585,"Cáp kết nối, cáp truyền dữ liệu",126
387,2863332,Thiết bị chiếu sáng khác,900
388,2842115,Áo thun dài tay,900
388,2603198,Giày sneaker nam,1581
389,2193209,Giày sneaker nam,900
390,2139454,Giày sneaker nữ,900
391,2584633,Giày bốt nam,900
392,919236,"Cáp kết nối, cáp truyền dữ liệu",24
392,2886216,"Cáp kết nối, cáp truyền dữ liệu",129
392,2765303,"Cáp kết nối, cáp truyền dữ liệu",119
392,2745553,"Cáp kết nối, cáp truyền dữ liệu",900
393,2929326,Tai nghe,900
394,2519894,Váy xòe,900
395,2905152,Giày sneaker nam,900
396,2178617,Quần lót,900
396,1858102,Quần lót,42
397,2934342,Quần jeans ống suông,900
397,2902092,Quần jeans ống suông,9
397,2871331,Quần jeans ống suông,93
397,2747345,Quần jeans ống suông,14
397,2535717,Quần jeans ống côn skinny,53
397,2922920,Quần jeans ống côn skinny,8
397,2921324,Quần jeans ống côn skinny,15
397,2475624,Quần jeans ống côn skinny,15
397,2924274,Quần jeans ống côn skinny,20
397,2924218,Quần jeans ống côn skinny,11
397,2856512,Quần jeans ống côn skinny,15
397,2699680,Quần jeans ống côn skinny,12
397,2533772,Áo thun dài tay,94
397,2862197,Áo thun dài tay,39
397,2926809,Áo thun dài tay,40
398,1888778,"Chăm sóc sức khỏe, vitamin",900
399,1858006,Quần lót,900
400,2784114,Giày búp bê,900
400,2805489,Quần yếm,229
401,1116354,Nước hoa nam,41
401,1116354,Nước hoa nam,900
402,2678632,Cài tóc,900
403,2548701,Tai nghe,419
403,706966,Tai nghe,24
403,2916621,Trang sức,900
403,683505,Tai nghe,87
403,683545,Tai nghe,53
403,2852455,Tai nghe,22
403,2852455,Tai nghe,76
403,2266836,Tai nghe,85
403,1911700,Tai nghe,134
403,2264564,Tai nghe,99
403,1913080,Tai nghe,5
403,2656681,Tai nghe,146
403,2844086,Tai nghe,4
403,2269334,Tai nghe,19
403,2852441,Tai nghe,1
404,2664749,Túi bảo vệ,900
404,2664749,Túi bảo vệ,62
404,2569539,"Case, bao da điện thoại di động",152
404,2799272,Túi bảo vệ,41
404,2191157,Túi bảo vệ,50
404,2191157,Túi bảo vệ,82
405,2467124,Đồ chơi đao kiếm,32
405,2824046,Vật phẩm,60
405,2467124,Đồ chơi đao kiếm,78
405,2072265,Bộ dụng cụ đa năng,900
406,2328877,Áo khoác chống nắng,900
406,2281605,Áo khoác chống nắng,86
406,2451774,Áo khoác chống nắng,37
406,2740991,Áo khoác chống nắng,14
406,2884349,Áo khoác chống nắng,112
406,2884358,Áo khoác chống nắng,63
407,2545854,Đèn pin,41
407,2132730,Đèn pin,900
408,2455856,Giày sneaker nữ,900
409,2684802,Sản phẩm bôi trơn,900
410,1205337,Đầm suông,20
410,2076458,Đầm suông,17
410,1914351,Đầm suông,900
411,2602424,Micro,900
412,2876148,Áo kiểu,18
412,2876148,Áo kiểu,900
413,2864869,Quần thời trang,900
414,1969061,USB,196
414,2337406,Phụ kiện khác,92
414,2748324,Chuột,8
414,1987625,Chuột,60
414,2748324,Chuột,179
414,1969061,USB,900
415,2465553,Giày sneaker nam,900
415,2632452,Giày sneaker nam,164
415,2893261,Giày thể thao nam,61
415,2739449,Giày thể thao nam,51
415,2800366,Giày thể thao nam,176
416,2903055,"Bộ sạc pin, sạc đa năng",12
416,2933272,Pin sạc dự phòng,900
416,2913627,"Bộ sạc pin, sạc đa năng",645
416,2777724,Phụ kiện khác,235
416,2889896,"Bộ sạc pin, sạc đa năng",55
416,2631548,"Bộ sạc pin, sạc đa năng",8
416,2631548,"Bộ sạc pin, sạc đa năng",3
416,2532426,"Bộ sạc pin, sạc đa năng",10
416,2777724,Phụ kiện khác,331
416,2899995,"Bộ sạc pin, sạc đa năng",88
416,2844683,"Bộ sạc pin, sạc đa năng",1
416,2899904,"Bộ sạc pin, sạc đa năng",1
416,2556562,"Bộ sạc pin, sạc đa năng",14
416,2899798,"Bộ sạc pin, sạc đa năng",19
416,2827187,"Bộ sạc pin, sạc đa năng",29
417,2199709,Máy nghe nhạc,900
418,2526603,Tẩy tế bào chết,900
419,2798139,Áo khoác có mũ,23
419,2466842,Áo khoác có mũ,30
419,2902234,Áo khoác có mũ,60
419,2879137,Áo khoác có mũ,33
419,2602359,Áo khoác có mũ,98
419,2531801,Áo khoác có mũ,19
419,2884059,Áo khoác có mũ,82
419,2755400,Áo khoác có mũ,74
419,2889503,Áo khoác có mũ,22
419,2527677,Áo khoác có mũ,44
419,2597070,Áo khoác có mũ,177
419,2527669,Áo khoác có mũ,3
419,2597070,Áo khoác có mũ,178
419,2602359,Áo khoác có mũ,20
419,2928074,Áo khoác có mũ,900
419,2597070,Áo khoác có mũ,35
419,2884059,Áo khoác có mũ,40
419,919771,Áo khoác có mũ,27
419,2774442,Áo khoác có mũ,94
419,2828012,Áo khoác có mũ,30
419,2815764,Áo khoác thể thao,32
419,2781927,Áo khoác thể thao,35
419,2931758,Áo khoác có mũ,25
419,2751899,Áo khoác thể thao,165
419,2751899,Áo khoác thể thao,311
419,2483793,Áo khoác thể thao,28
419,2710144,Áo khoác thể thao,72
419,2710144,Áo khoác thể thao,266
419,2710144,Áo khoác thể thao,139
419,1921108,Áo khoác thể thao,32
419,2751899,Áo khoác thể thao,15
419,2710238,Áo khoác thể thao,58
419,2815764,Áo khoác thể thao,9
419,915806,Áo khoác thể thao,58
419,2626822,Áo khoác thể thao,31
419,2710115,Áo khoác thể thao,32
419,2847025,Áo khoác thể thao,26
419,2710160,Áo khoác thể thao,14
419,1096339,Áo khoác thể thao,34
419,2782369,Áo khoác thể thao,86
419,2710238,Áo khoác thể thao,16
420,1351362,"Thiết bị nhà bếp, chế biến khác",52
420,2686820,Dụng cụ nhà bếp khác,20
420,1351362,"Thiết bị nhà bếp, chế biến khác",900
421,2616547,"Leo núi, cắm trại",900
421,2921111,"Leo núi, cắm trại",16
421,2495616,Bộ dụng cụ đa năng,33
421,2921111,"Leo núi, cắm trại",52
421,2616547,"Leo núi, cắm trại",68
422,2740056,Đầm dạ hội,57
422,2890357,Đầm xòe,900
423,1895526,Áo và chân váy,157
423,1444367,Áo sơ mi công sở,246
423,2573444,Áo sơ mi công sở,10
423,2209968,Áo sơ mi công sở,3
423,2468228,Áo sơ mi công sở,3
423,2740843,Áo sơ mi công sở,368
423,2921021,Áo sơ mi công sở,900
424,2867379,Các trò khác,900
424,2779956,Các loại đồ chơi vận động,58
425,2514152,Son tint,78
425,1995356,Son tint,900
426,2918589,Giày thể thao nam,900
427,2224139,Mặt nạ,900
428,2067120,Áo đôi,88
428,2583987,Giày sneaker nam,210
428,2067120,Áo đôi,195
428,2447788,Áo đôi,31
428,2917675,Áo đôi,34
428,2861403,Áo đôi,71
428,2921484,Áo đôi,68
428,2423278,Áo đôi,900
429,2583267,"Áo khoác dạ, măng tô, áo choàng",900
430,2492171,Bật lửa,900
431,1999856,Balo nam,900
432,2884834,Thẻ nhớ,900
433,2465553,Giày sneaker nam,900
433,2118102,Giày thể thao nam,25
433,2924123,Giày thể thao nam,26
433,2690575,Giày thể thao nam,20
433,2926534,Giày thể thao nam,111
433,2934904,Giày thể thao nam,290
433,2118102,Giày thể thao nam,31
433,2877677,Giày thể thao nam,5
433,2818250,Giày thể thao nam,118
433,2818359,Giày thể thao nam,80
433,2906665,Giày thể thao nam,20
433,2930764,Giày thể thao nam,7
433,2804784,"Giày lười, giày mọi nam",36
434,2495725,Váy xòe,20
434,2495725,Váy xòe,4902
434,2776283,Áo kiểu,900
435,2614039,Đồng hồ thể thao,900
436,2650821,Áo sơ mi công sở,900
437,2930788,Giày thể thao nam,79
437,2899987,Giày thể thao nam,76
437,2930769,Giày thể thao nam,900
438,2543111,Router,900
439,2838107,Đầm suông,900
439,2468228,Áo sơ mi công sở,78
440,2787969,Quần jeans ống côn skinny,4
440,2787969,Quần jeans ống côn skinny,17
440,2787890,Quần jeans ống côn skinny,900
441,2813327,Xe đạp đường trường,86
441,2506070,Xe đạp địa hình,122
441,2245345,Xe đạp đường trường,900
442,2189819,Quần thời trang,77
442,2189819,Quần thời trang,900
443,2911232,Điện thoại di động,900
444,2606890,Đầm xòe,900
444,1864210,Đầm maxi,17
444,2145945,Đầm xòe,7
444,2587889,Áo kiểu,23
444,2107191,Áo kiểu,9
445,2086353,Túi đeo chéo nam,900
445,2790864,"Pyjama, đồ ngủ",3683
445,2086353,Túi đeo chéo nam,576
445,2171911,Túi đeo chéo nam,11
445,2225969,Túi đeo chéo nam,292
445,1050464,Túi đeo chéo nam,273
445,2846000,Túi đeo chéo nam,67
445,1950009,Balo nam,26
445,1432356,Balo nam,27
445,2373435,Balo nam,40
446,2578212,Bật lửa,900
446,1983209,Bật lửa,35
446,1147721,Bật lửa,42
447,1218813,Đồng hồ thể thao,900
448,2582214,Bikini,3991
448,1142708,Bikini,900
449,1857982,Quần lót,2
449,2178705,Quần lót,2
449,1857982,Quần lót,33
449,1857833,Quần lót,900
450,2811318,Các trò khác,900
451,2704173,Giày sneaker nam,92
451,2869139,Giày sneaker nam,133
451,2690487,Giày sneaker nam,928
451,2665043,Giày sneaker nam,900
452,2484036,Áo đôi,900
452,1146005,Áo đôi,42
453,2870603,Điện thoại di động,900
454,2801781,"Giày lười, giày mọi nam",900
455,2230179,"Dép xỏ ngón, kẹp nữ",900
456,1323013,Chăm sóc sắc đẹp,900
457,2911348,Điện thoại di động,900
458,2251478,Quần lót,900
458,2879242,Quần lót,125
458,2842784,Quần lót,133
458,2863420,Quần lót,43
458,2182628,Quần lót,126
458,2863420,Quần lót,4
458,2842784,Quần lót,4
458,2879242,Quần lót,30
459,1011103,Ngũ cốc ăn liền,900
460,947761,Tẩy trang,900
460,947761,Tẩy trang,13
461,2316194,Giày sneaker nam,900
462,2512368,Mặt nạ,2
462,1925844,"Giày mọi, slip on nữ",900
463,2828012,Áo khoác có mũ,391
463,2628246,"Áo khoác dạ, măng tô",900
464,2605554,Đèn led,900
465,2146364,Đồ lót bộ,72
465,1195418,Đồ lót bộ,21
465,1979022,Đồ lót bộ,21
465,2517330,Váy ngủ,900
466,2179911,Mặt nạ dưỡng da,900
467,1999898,Quần lót,421
467,2178705,Quần lót,900
468,2705973,Thiết bị lưu trữ,900
469,2217257,Balo nam,900
470,2386581,Sản phẩm khác,900
471,2907551,Đèn pin,30
471,2926653,Đèn pin,900
472,2616547,"Leo núi, cắm trại",325
472,2616547,"Leo núi, cắm trại",900
473,2816920,Áo khoác thể thao,121
473,2844546,Áo khoác chống nắng,121
473,2859836,Áo khoác thể thao,900
474,2805736,"Ví, bóp tiền nữ",17
474,2898283,"Ví cầm tay, clutch nữ",67
474,2450833,"Ví, bóp tiền nữ",86
474,2785580,"Ví, bóp tiền nữ",13
474,2511187,"Ví, bóp tiền nữ",900
474,2624809,"Ví cầm tay, clutch nữ",37
474,2590301,"Ví, bóp tiền nữ",133
474,1393133,"Ví, bóp tiền nữ",104
474,2875992,"Ví cầm tay, clutch nữ",47
474,2527805,"Ví, bóp tiền nữ",97
474,1202639,"Ví, bóp tiền nữ",99
474,1202636,"Ví, bóp tiền nữ",33
474,1202639,"Ví, bóp tiền nữ",61
474,2585664,"Ví, bóp tiền nữ",186
474,2460803,Giày cao gót,51
475,2082656,Giày sneaker nam,990
475,1470725,Thắt lưng,40
475,2636038,Thắt lưng,900
476,2349592,Váy xòe,8
476,2680267,Váy yếm,900
477,1424038,Trang sức,900
478,768113,"Áo khoác vest, blazer",900
479,2558445,"Kem lột, trị mụn",900
479,2838002,"Kem lột, trị mụn",54
480,2773301,Áo khoác cách điệu,33
480,2629559,Áo khoác cách điệu,49
480,2929435,Đầm suông,214
480,2773301,Áo khoác cách điệu,900
481,2775252,Giày tây,900
482,1857608,Túi du lịch tiện ích,112
482,2848979,Túi du lịch tiện ích,67
482,1857608,Túi du lịch tiện ích,305
482,2920233,"Khuôn làm bún, mì sợi, giò chả, sushi",900
483,1880334,Áo khoác cách điệu,700
483,2199652,Nón kết,900
484,2652135,Giày sneaker nam,900
485,2334622,Giày sneaker nam,56
485,2637430,Giày sandal nam,900
485,2334636,Giày sneaker nam,90
485,2681980,Giày sneaker nam,73
485,2334622,Giày sneaker nam,3625
485,2100978,Giày sneaker nam,215
486,2849061,Đầm ôm,661
486,2880130,Đầm xòe,237
486,1874805,Đầm suông,900
487,2292864,"Chăm sóc sức khỏe, vitamin",62
487,2393252,"Chăm sóc sức khỏe, vitamin",900
488,2893941,Pin sạc dự phòng,61
488,2929695,Pin sạc dự phòng,900
489,2896093,Sơ mi tay dài,900
489,2896093,Sơ mi tay dài,23
489,2921335,Sơ mi tay dài,60
489,2896509,Sơ mi tay dài,8
489,2387984,Sơ mi tay dài,51
489,2387984,Sơ mi tay dài,25
489,2387984,Sơ mi tay dài,60
490,2781040,Bộ ,93
490,2635229,Áo khoác chống nắng,900
491,2879242,Quần lót,900
492,2628190,Xe đạp xếp,900
493,2178705,Quần lót,99
493,2083064,Quần lót,900
494,2675889,Bộ trang sức,900
495,2917140,Áo khoác đôi,900
496,2113843,Giày sneaker nam,355
496,635254,Giày sneaker nam,90
496,2589461,Giày sneaker nam,11
496,2719252,Giày sneaker nam,47
496,1047931,Sơ mi tay dài,900
497,2329220,Nước hoa nam,900
498,2763833,Loa,900
499,2897572,Board games,900
500,2888030,Mắt kính,900
501,2006581,Đầm xòe,72
501,1994842,Đầm xòe,60
501,2695785,"Giày mọi, slip on nữ",900
502,2648218,Giày cao gót,900
502,2648168,Giày cao gót,24
502,2648168,Giày cao gót,87
502,1167679,Giày cao gót,79
502,2648218,Giày cao gót,76
502,2754398,Giày cao gót,34
502,2754398,Giày cao gót,28
502,1016279,Giày cao gót,24
502,2547028,Giày cao gót,141
502,2919194,Giày cao gót,168
503,2847190,Túi đeo chéo nữ,275
503,2522458,Túi đeo chéo nữ,900
503,2847326,Túi đeo chéo nữ,2282
503,2847190,Túi đeo chéo nữ,290
504,2374468,Bổ sung tăng cường,900
505,775799,Sơ mi tay dài,22
505,840941,Sơ mi tay dài,73
505,2839597,Sơ mi tay dài,900
506,2178705,Quần lót,46
506,2555685,Sản phẩm khác,900
507,2703634,"Áo khoác dạ, măng tô",900
508,2039255,Jumpsuit,900
509,2199642,Nón,900
509,2199642,Nón,31
510,1142708,Bikini,900
511,2209939,Đồng hồ thể thao,4
511,2683269,Đồng hồ kim,900
511,2316712,Đồng hồ kim,2
511,2209939,Đồng hồ thể thao,2
511,2683269,Đồng hồ kim,2
511,2209939,Đồng hồ thể thao,4
511,2209939,Đồng hồ thể thao,18
511,2683269,Đồng hồ kim,158
511,2683269,Đồng hồ kim,25
511,2683269,Đồng hồ kim,4
511,2683269,Đồng hồ kim,4
511,2683269,Đồng hồ kim,4
511,2683269,Đồng hồ kim,6
511,2683269,Đồng hồ kim,5
511,2683269,Đồng hồ kim,3
511,2683269,Đồng hồ kim,4
511,2683269,Đồng hồ kim,48
511,2683269,Đồng hồ kim,2
512,2916350,Quần ngắn,900
513,1858102,Quần lót,900
514,2917143,Đầm maxi,900
515,2206581,Giày sneaker nam,46
515,2559922,Giày bốt nam,11
515,2905009,"Giày lười, giày mọi nam",29
515,2780610,"Giày lười, giày mọi nam",900
515,2873443,"Giày lười, giày mọi nam",12
515,2774346,Giày tây,18
515,2774346,Giày tây,15
516,2216744,Kem wax,900
517,2905651,Sơ mi tay dài,900
517,2905654,Sơ mi tay dài,8
518,971699,Quần ngắn,900
519,2820314,Bật lửa,187
519,2574716,Bật lửa,44
519,2878026,Bật lửa,3358
519,2283394,Bật lửa,900
520,2241121,"Case, bao da điện thoại di động",900
521,1131633,Giày sneaker nam,54
521,2344633,Giày sneaker nam,133
521,2919659,Giày sneaker nam,51
521,2767870,Giày sneaker nam,54
521,2157866,Giày sneaker nam,94
521,2871727,Giày sneaker nam,48
521,2479412,Giày sneaker nam,50
521,2568289,Giày sneaker nam,122
521,2533975,Giày sneaker nam,45
521,2918913,Giày sneaker nam,118
521,2870865,Giày sneaker nam,900
521,2643213,Giày sneaker nam,106
521,2479398,Giày sneaker nam,63
521,2118107,Giày sneaker nam,34
521,2926557,Giày sneaker nam,46
521,2461761,Giày sneaker nam,83
521,2049133,Giày sneaker nam,50
521,2465553,Giày sneaker nam,50
521,2905152,Giày sneaker nam,72
521,2492251,Giày sneaker nam,78
521,2632252,Giày sneaker nam,28
521,2892142,Giày sneaker nam,21
521,2892131,Giày sneaker nam,78
521,2900287,Giày sneaker nam,42
521,2870865,Giày sneaker nam,25
521,2900287,Giày sneaker nam,170
521,2869151,Giày sneaker nam,55
521,2706579,Giày sneaker nam,35
522,2872615,Áo kiểu,900
522,2866171,Áo kiểu,7
522,2910737,Áo kiểu,4
522,2879511,Áo kiểu,25
522,2905145,Áo kiểu,31
522,2893186,Áo kiểu,144
522,2813004,Áo kiểu,30
522,2872104,Áo kiểu,16
522,2781162,Áo kiểu,42
522,2764082,Sản phẩm khác,9
522,2820892,Áo kiểu,18
522,2820892,Áo kiểu,16
522,2820892,Áo kiểu,45
522,2829984,Áo kiểu,10
522,2820892,Áo kiểu,19
522,2823263,Áo kiểu,7
522,2820892,Áo kiểu,21
522,2870820,Áo kiểu,16
523,2542337,Đồng hồ thông minh,379
523,2396688,Đồng hồ thông minh,457
523,2298073,Đồng hồ thông minh,342
523,2511439,Đồng hồ thông minh,900
524,2785008,Giày cao gót,900
525,2836998,Khác,164
525,2750390,Đồ chơi cảm biến hồng ngoại,900
526,2924060,Quần jeans ống côn skinny,64
526,2903469,Quần lót,900
526,2881970,Áo polo có cổ,266
526,2638379,Quần jeans ống côn skinny,70
526,2844596,Quần jeans ống côn skinny,28
526,2636920,Quần jeans ống côn skinny,20
527,2182628,Quần lót,147
527,2178571,Quần lót,900
528,2602693,Túi xách tay nữ,900
529,2824565,Áo sơ mi công sở,80
529,2912681,Áo sơ mi công sở,16
529,2930998,Áo sơ mi công sở,900
530,2616547,"Leo núi, cắm trại",91
530,2616547,"Leo núi, cắm trại",900
531,2036838,"Dầu gội, sữa tắm khô",1354
531,2823034,Áo khoác chống nắng,39
531,2824589,Áo khoác thể thao,4
531,2823160,Sản phẩm khác,900
532,2326666,Giày cao gót,900
532,2077828,Giày cao gót,84
532,2077828,Giày cao gót,22
532,2526592,Giày cao gót,66
532,2546391,Giày cao gót,23
533,2383445,Đồng hồ kim,900
534,2823276,Tai nghe,47
534,2635900,Bàn phím,900
535,2777676,Áo sơ mi công sở,900
536,2117637,Pin sạc dự phòng,1389
536,2117637,Pin sạc dự phòng,900
537,2796826,Pin sạc dự phòng,285
537,2796370,Pin sạc dự phòng,900
538,2524176,Giày bốt nam,32
538,2158911,Giày bốt nam,900
538,2393708,Giày bốt nam,32
538,2806721,Giày bốt nam,11
538,2600060,Giày bốt nam,23
538,2722393,Giày bốt nam,107
538,2856192,Quần jeans ống côn skinny,1941
538,2723351,Quần jeans ống côn skinny,32
538,2395162,Quần jeans ống côn skinny,17
538,2506727,Giày bốt nam,24
539,2012601,Đầm suông,900
540,2798174,Áo bầu,27
540,2446281,Đầm bầu,900
541,2493262,Đồng hồ thông minh,900
542,2936239,Áo thun không cổ,900
542,2571789,Quần thời trang,7
542,2571799,Quần kiểu khác,19
542,2916664,Quần jogger,74
543,2674632,Bàn phím,900
544,2869214,Giày sneaker nam,900
544,2458680,Giày sneaker nam,46
544,2461761,Giày sneaker nam,1
544,2082642,Giày sneaker nam,14
544,2840136,Giày sneaker nam,403
544,2100978,Giày sneaker nam,23
544,2308102,Giày sneaker nam,14
545,2643215,Búp bê,900
546,2502059,Kính nữ,4
546,2156649,Váy ngủ,174
546,2496329,Nước hoa nữ,900
546,2496329,Nước hoa nữ,60
546,2875886,Váy ngủ,280
546,2502059,Kính nữ,109
547,2529410,Máy khoan,900
548,1111742,Giày sneaker nam,900
549,2798024,Tai nghe,16
549,1975122,Tai nghe,900
549,2932656,Tai nghe,11
549,2739070,Tai nghe,46
549,2823276,Tai nghe,16
549,2918200,Tai nghe,36
549,2859366,Tai nghe,21
549,2680941,Tai nghe,50
549,2847387,Tai nghe,82
549,2635595,Tai nghe,6
549,2815961,Tai nghe,73
549,2502280,Tai nghe,5
549,2584778,Tai nghe,10
549,1975122,Tai nghe,17
549,2815961,Tai nghe,16
549,2727261,Tai nghe,17
549,2727261,Tai nghe,19
550,2514152,Son tint,1273
550,2514152,Son tint,900
550,2564480,Áo kiểu,772
551,2844908,Giày sneaker nam,52
551,2843617,Giày sneaker nam,239
551,2819631,Giày thể thao nam,32
551,2892637,Giày thể thao nam,289
551,2092484,Giày thể thao nam,6
551,1970447,Giày thể thao nam,900
552,2234225,Quần tây nam,900
553,2738659,Quần jeans ống côn skinny,27
553,2876839,Quần jeans ống côn skinny,900
553,2872131,Quần jogger,219
553,2872126,Quần jogger,7
553,2515577,Quần jeans ống côn skinny,2
553,2745443,Quần jeans ống côn skinny,5
553,2738659,Quần jeans ống côn skinny,320
554,1882998,Áo và quần culottes,1943
554,2862978,Son thỏi,900
555,2825013,Áo kiểu,44
555,2823536,Áo kiểu,44
555,2844793,Áo kiểu,184
555,2844793,Áo kiểu,5
555,2823536,Áo kiểu,0
556,1251380,Bộ ,900
557,2178617,Quần lót,900
557,2029469,Quần lót,10
557,2083064,Quần lót,18
557,2178705,Quần lót,5
557,2611589,Váy ngủ,71
557,2178705,Quần lót,48
557,2105270,Quần lót,67
557,2463252,Quần lót,42
557,2251478,Quần lót,207
557,2386475,Sản phẩm khác,59
558,1858102,Quần lót,900
559,2751365,Đồng hồ kim,900
560,2405030,Áo và chân váy,118
560,2541620,Áo và chân váy,44
560,2734423,Áo và chân váy,900
561,2709249,Đồng hồ thể thao,4
561,2709249,Đồng hồ thể thao,900
562,2772088,Gậy selfie,900
563,2251478,Quần lót,900
563,2129835,Quần lót,42
563,2105270,Quần lót,15
564,2504630,Giày sneaker nam,25
564,2796725,Giày sneaker nam,273
564,2402538,Giày sneaker nam,90
564,2522866,Giày sneaker nam,170
564,2868592,Giày sneaker nam,900
565,2813809,Dụng cụ làm đẹp,95
565,2763111,Dụng cụ làm đẹp,900
566,2928890,Son thỏi,70
566,2490844,Son thỏi,187
566,2929387,Son thỏi,900
566,2774774,Son thỏi,28
566,2835115,Son thỏi,165
566,2821186,Son thỏi,139
567,2007918,Thiết bị không dây,93
567,2905627,Móc khóa,900
568,1395662,Đồng hồ bé gái,900
569,2606261,Đồng hồ thời trang,49
569,2531614,Đồng hồ thời trang,89
569,1176262,Đồng hồ thời trang,145
569,2327365,Đồng hồ thời trang,40
569,2752587,Đồng hồ thời trang,242
569,1176262,Đồng hồ thời trang,75
569,2752587,Đồng hồ thời trang,900
570,2545854,Đèn pin,900
571,2324426,Quần kaki,394
571,2845338,Quần kaki,900
571,2845338,Quần kaki,58
571,2538630,Quần kaki,218
571,2801064,Quần kaki,17
572,2872479,Balo nữ,900
572,2692368,Balo nữ,2
572,2694336,Balo nữ,392
572,1349956,Balo nữ,96
572,2915833,Balo nữ,161
572,2788351,Balo nữ,60
572,1994212,Balo nữ,19
572,1946995,Balo nữ,69
572,2661869,Balo nữ,9
572,1208983,Balo nữ,52
572,2661869,Balo nữ,36
572,2918242,Balo nữ,241
572,2363545,Giày sneaker nữ,159
572,2788968,Balo nữ,75
573,2789991,Quần jeans ống côn skinny,5
573,2789991,Quần jeans ống côn skinny,900
574,2473993,Túi đeo chéo nữ,900
575,2894198,Mắt kính thông minh,13
575,2892959,Mắt kính thông minh,109
575,2905987,Phụ kiện khác,40
575,2892959,Mắt kính thông minh,3
575,2911142,Phụ kiện khác,56
575,2913046,Phụ kiện khác,900
575,2911142,Phụ kiện khác,184
575,2911142,Phụ kiện khác,75
575,2840078,Phụ kiện khác,102
575,2911142,Phụ kiện khác,813
575,2925889,Mắt kính thông minh,488
575,2842729,Mắt kính thông minh,2330
575,2911142,Phụ kiện khác,82
575,2820971,Mắt kính thông minh,144
575,2905987,Phụ kiện khác,631
575,2857835,Phụ kiện khác,50
575,2894198,Mắt kính thông minh,138
575,2934971,Mắt kính thông minh,91
575,2916192,Mắt kính thông minh,262
575,2936475,Phụ kiện khác,203
576,2614820,Áo và quần dài,900
576,2614820,Áo và quần dài,306
576,2614820,Áo và quần dài,4
576,2937031,Áo và quần dài,24
576,2614820,Áo và quần dài,126
576,2898297,Đầm ôm,238
576,715758,Áo sơ mi công sở,928
576,715758,Áo sơ mi công sở,11
576,715758,Áo sơ mi công sở,55
576,2898316,Áo và quần dài,132
577,2219244,Tai nghe,900
578,2464345,Lens chụp hình,900
579,2382855,Cọ và các dụng cụ trang điểm,900
580,2831779,Pin sạc dự phòng,2372
580,2748711,Pin sạc dự phòng,16
580,2831779,Pin sạc dự phòng,6
580,2251380,Pin sạc dự phòng,900
580,2748695,Pin sạc dự phòng,15
580,2831779,Pin sạc dự phòng,23
580,2251380,Pin sạc dự phòng,5
580,2748695,Pin sạc dự phòng,89
580,2831779,Pin sạc dự phòng,92
580,2251380,Pin sạc dự phòng,577
580,2831779,Pin sạc dự phòng,102
580,2748695,Pin sạc dự phòng,1839
581,2355003,"Case, bao da điện thoại di động",900
582,1974057,Tai nghe,900
583,2727012,Đầm xòe,900
583,2740005,Đầm ôm,10
583,2612367,Đầm suông,9
583,2824669,Áo kiểu,18
583,2764320,Áo kiểu,11
584,2773355,"Pyjama, đồ ngủ",900
585,2785672,Trang sức,46
585,2277246,Trang sức,11
585,1383965,Trang sức,19
585,2403141,Trang sức,900
585,2213202,Trang sức,144
585,2165017,Trang sức,15
585,2486229,Trang sức,39
585,2189867,Trang sức,12
585,1994334,Trang sức,13
585,2134417,Trang sức,11
585,999730,Trang sức,10
586,2178705,Quần lót,900
587,2650821,Áo sơ mi công sở,900
588,2796806,Giày sandal nữ,31
588,2880368,Giày sandal nữ,56
588,2259921,Giày sandal nữ,14
588,2878870,Giày sandal nữ,27
588,2880341,Giày sandal nữ,900
589,1430867,Balo nam,900
590,2545209,Tai nghe,900
591,2549669,Giày tây,97
591,2377345,Giày tây,900
592,2910675,Đầm maxi,25
592,2731453,Đầm xòe,900
